RefNum,age,job,marital,education,housing,loan,contact,day,month,duration,deposit,balance
10024585,33,blue-collar,divorced,secondary,yes,no,,9,may,248,0,22680
10024586,39,technician,single,,yes,no,,1,november,130,0,0
10024587,57,retired,divorced,secondary,yes,no,,2,december,71,33737.4,1487880
10024588,49,blue-collar,married,,yes,no,,6,january,984,5959.8,9180
10024589,41,blue-collar,married,primary,yes,no,,3,february,252,9027,46440
10024590,43,technician,married,primary,yes,no,,30,march,84,7929,21060
10024591,29,management,married,tertiary,yes,yes,,14,april,1689,10846.8,35820
10024592,56,services,married,primary,yes,no,,28,may,130,30477.6,39420
10024593,46,technician,married,secondary,yes,no,,13,june,489,30754.8,282780
10024594,42,blue-collar,married,primary,yes,no,,8,july,41,,40140
10024595,36,blue-collar,married,primary,no,no,,6,august,159,,-14220
10024596,29,services,married,primary,yes,no,,14,september,196,46798.2,57780
10024597,43,admin.,single,secondary,yes,no,??,9,october,276,5841,454860
10024598,48,admin.,married,secondary,yes,no,,8,november,697,520.2,900
10024599,38,blue-collar,single,primary,yes,no,,8,december,81,7511.4,3600
10024600,46,blue-collar,married,secondary,yes,yes,,5,january,149,1679.4,188100
10024601,44,blue-collar,married,secondary,yes,no,?,19,february,281,90,180
10024602,28,management,married,tertiary,yes,no,,28,march,122,,540
10024603,28,blue-collar,married,primary,yes,no,,19,april,361,,-9900
10024604,36,technician,divorced,secondary,yes,?,,6,may,319,11932.2,25380
10024605,37,blue-collar,married,secondary,yes,no,,22,june,944,9691.2,67320
10024606,56,management,married,primary,yes,no,,9,july,282,10747.8,16740
10024607,46,blue-collar,single,tertiary,yes,no,,13,august,1102,9842.4,82800
10024608,34,services,divorced,secondary,yes,no,,28,september,35,5331.6,14040
10024609,32,entrepreneur,married,secondary,yes,no,,12,october,143,11566.8,24300
10024610,33,technician,married,secondary,yes,??,,7,november,22,15676.2,66060
10024611,36,services,single,secondary,yes,no,,3,december,90,20539.8,44640
10024612,35,services,married,secondary,yes,no,,20,january,17,,113400
10024613,44,admin.,single,secondary,yes,no,,3,february,404,,-5400
10024614,37,technician,married,secondary,yes,no,,27,march,238,10657.8,28260
10024615,48,admin.,divorced,secondary,yes,,,23,april,71,10893.6,48240
10024616,38,blue-collar,married,secondary,yes,no,,17,may,309,,29520
10024617,44,technician,married,secondary,yes,,,11,june,408,,-17460
10024618,31,admin.,divorced,secondary,yes,no,,1,july,128,10618.2,9540
10024619,35,management,divorced,tertiary,yes,no,,15,august,297,63646.2,141840
10024620,54,technician,divorced,secondary,yes,yes,,6,september,280,36559.8,342720
10024621,28,admin.,single,secondary,yes,no,,25,october,374,17713.8,46800
10024622,38,unemployed,married,primary,yes,no,,20,november,365,29478.6,80460
10024623,48,technician,married,secondary,yes,no,,30,december,177,74133,129600
10024624,31,blue-collar,married,tertiary,yes,no,,14,january,238,0,508860
10024625,59,retired,married,,no,no,,12,february,425,0,0
10024626,29,admin.,single,secondary,yes,no,,13,march,77,42431.4,201060
10024627,28,blue-collar,married,secondary,yes,no,,24,april,223,24156,107460
10024628,50,blue-collar,married,primary,yes,!!,,22,may,201,10830.6,65160
10024629,31,self-employed,single,tertiary,yes,no,,19,june,239,5369.4,21600
10024630,32,admin.,single,secondary,yes,yes,,15,july,308,10306.8,16020
10024631,30,services,married,secondary,yes,no,,19,august,137,11509.2,79560
10024632,32,management,single,tertiary,yes,no,,20,september,162,8604,19980
10024633,29,technician,single,secondary,yes,no,,15,october,134,817.2,44460
10024634,30,admin.,divorced,secondary,yes,no,,27,november,175,127.8,180
10024635,34,management,married,primary,yes,no,,9,december,125,,1080
10024636,34,blue-collar,single,secondary,yes,no,,20,january,211,,-170460
10024637,41,blue-collar,married,primary,yes,no,,13,february,67,,34380
10024638,36,blue-collar,married,secondary,yes,no,,3,march,156,,-26460
10024639,31,technician,single,tertiary,yes,no,,12,april,943,11527.2,126540
10024640,39,blue-collar,married,primary,no,no,,5,may,813,3960,12600
10024641,36,technician,married,secondary,yes,no,,22,june,178,5292,14940
10024642,39,blue-collar,married,secondary,yes,no,,12,july,142,8008.2,22500
10024643,37,blue-collar,married,primary,yes,yes,,6,august,194,4858.2,34200
10024644,52,blue-collar,married,secondary,yes,no,,15,september,132,12938.4,8280
10024645,25,management,single,tertiary,yes,!,,9,october,109,39097.8,242640
10024646,42,technician,married,secondary,yes,%,,18,november,94,10434.6,75600
10024647,27,services,divorced,secondary,yes,no,,29,december,31,8380.8,17280
10024648,42,blue-collar,married,primary,yes,no,,27,january,84,31078.8,48780
10024649,29,admin.,divorced,secondary,yes,yes,,1,february,489,13872.6,237600
10024650,38,blue-collar,married,primary,yes,no,,15,march,180,5373,9720
10024651,42,entrepreneur,married,primary,yes,no,,15,april,314,24183,35640
10024652,35,self-employed,married,primary,yes,no,,18,may,207,20408.4,196920
10024653,41,management,married,tertiary,yes,yes,,27,june,146,8877.6,25380
10024654,57,retired,married,primary,yes,no,,9,july,193,,37260
10024655,36,blue-collar,married,secondary,yes,no,,13,august,177,,-37080
10024656,56,management,divorced,tertiary,yes,no,,9,september,1040,9171,31860
10024657,33,blue-collar,divorced,primary,yes,no,,17,october,622,,31680
10024658,41,entrepreneur,divorced,tertiary,yes,no,,6,november,170,,-74340
10024659,33,blue-collar,married,primary,yes,no,,6,december,267,,-14580
10024660,35,management,divorced,tertiary,yes,no,,24,january,1084,94937.4,690660
10024661,43,management,married,tertiary,yes,yes,,4,february,528,21997.8,156600
10024662,36,admin.,single,secondary,yes,no,,8,march,183,13257,37080
10024663,37,technician,married,secondary,yes,no,,17,april,238,6973.2,56880
10024664,51,management,married,primary,yes,yes,,9,may,61,392.4,10260
10024665,28,housemaid,divorced,primary,yes,no,,11,june,923,,180
10024666,43,blue-collar,married,secondary,no,no,,8,july,70,,-1260
10024667,32,blue-collar,single,primary,yes,no,,13,august,541,16093.8,109980
10024668,36,entrepreneur,single,secondary,yes,no,,6,september,41,9937.8,28260
10024669,33,unemployed,single,secondary,yes,no,,24,october,221,16236,41940
10024670,39,admin.,married,secondary,yes,yes,,30,november,35,12312,75420
10024671,28,blue-collar,married,secondary,yes,no,,21,december,262,27478.8,24120
10024672,26,technician,single,secondary,no,no,,9,january,151,24091.2,375660
10024673,40,technician,married,tertiary,yes,no,,11,february,135,8839.8,18540
10024674,44,housemaid,married,secondary,yes,no,,18,march,604,10045.8,50580
10024675,34,management,married,tertiary,yes,no,,26,april,65,25878.6,23940
10024676,47,blue-collar,married,primary,yes,no,,27,may,380,40455,335700
10024677,55,blue-collar,single,tertiary,yes,no,,1,june,693,,58500
10024678,48,blue-collar,divorced,primary,yes,no,,22,july,11,,-3240
10024679,36,blue-collar,single,primary,yes,no,,21,august,405,31383,8820
10024680,31,management,single,tertiary,yes,yes,,22,september,20,34435.8,1339920
10024681,30,management,single,tertiary,yes,yes,,5,october,202,2676.6,10620
10024682,46,blue-collar,married,primary,yes,no,,13,november,235,6858,8100
10024683,30,admin.,single,secondary,yes,no,,6,december,75,2286,69660
10024684,32,blue-collar,single,secondary,yes,yes,,17,january,134,979.2,900
10024685,48,blue-collar,single,,yes,no,,9,february,101,4289.4,12780
10024686,48,admin.,single,secondary,yes,no,,26,march,255,4320,17280
10024687,36,services,single,tertiary,yes,no,,22,april,80,18259.2,12960
10024688,41,admin.,single,secondary,yes,no,,22,may,462,28951.2,308700
10024689,49,admin.,single,primary,yes,no,,14,june,161,3126.6,32580
10024690,26,blue-collar,married,secondary,yes,no,,6,july,200,1873.8,3600
10024691,38,management,married,secondary,yes,no,,17,august,56,3771,11700
10024692,27,student,single,secondary,yes,no,,16,september,238,7030.8,14580
10024693,51,retired,married,secondary,yes,yes,,6,october,418,26235,40680
10024694,33,admin.,divorced,secondary,yes,no,,9,november,139,42102,203040
10024695,53,unemployed,married,secondary,yes,no,,5,december,96,93898.8,104760
10024696,36,technician,married,secondary,yes,no,,8,january,39,51782.4,1009980
10024697,48,technician,divorced,secondary,yes,no,,27,february,471,9300.6,31860
10024698,27,admin.,single,secondary,yes,no,,21,march,231,0,32580
10024699,42,technician,married,secondary,yes,no,,20,april,66,0,0
10024700,61,blue-collar,married,primary,yes,no,,6,may,204,25261.2,132120
10024701,31,self-employed,married,tertiary,yes,no,,30,june,159,10792.8,57960
10024702,37,blue-collar,single,secondary,yes,no,,21,july,200,61192.8,24120
10024703,34,entrepreneur,married,tertiary,yes,no,,11,august,187,48450.6,1863000
10024704,55,technician,married,,yes,no,,24,september,166,11858.4,15120
10024705,24,services,married,secondary,yes,no,,26,october,144,20620.8,111600
10024706,41,technician,married,,yes,no,,14,november,690,0,45720
10024707,34,blue-collar,single,primary,yes,no,,5,december,323,0,0
10024708,29,blue-collar,married,secondary,yes,no,,2,january,194,46213.2,1062540
10024709,42,blue-collar,single,primary,yes,yes,,23,february,82,22352.4,24120
10024710,45,services,married,secondary,yes,no,,3,march,269,19692,248580
10024711,49,management,married,secondary,yes,no,,17,april,285,9450,18720
10024712,26,blue-collar,single,primary,yes,no,,26,may,101,42975,57240
10024713,35,technician,single,secondary,yes,no,,16,june,294,,387180
10024714,49,services,married,secondary,yes,no,,24,july,1119,,-1440
10024715,44,blue-collar,married,primary,yes,no,,24,august,249,29759.4,33300
10024716,41,management,married,tertiary,no,no,,28,september,106,13838.4,319140
10024717,50,blue-collar,married,primary,yes,no,,9,october,152,2179.8,7200
10024718,58,retired,married,tertiary,yes,no,,21,november,12,0,7920
10024719,43,blue-collar,married,secondary,yes,no,,30,december,187,0,0
10024720,34,management,married,tertiary,yes,no,,7,january,214,0,0
10024721,57,admin.,divorced,secondary,yes,no,,29,february,268,32761.8,550440
10024722,43,services,divorced,secondary,yes,no,,21,march,193,13339.8,23400
10024723,38,services,married,secondary,yes,no,,27,april,95,33991.2,91260
10024724,35,self-employed,married,tertiary,yes,no,,30,may,60,32306.4,151920
10024725,49,admin.,married,primary,yes,no,,25,june,381,,82440
10024726,33,blue-collar,married,primary,yes,no,,20,july,206,,-133920
10024727,60,retired,married,primary,yes,no,,12,august,75,,-360
10024728,33,technician,single,tertiary,yes,no,,19,september,128,11964.6,23220
10024729,33,services,divorced,secondary,yes,no,,6,october,216,26712,73980
10024730,47,management,married,tertiary,yes,no,,24,november,155,26053.2,115740
10024731,37,technician,single,,yes,no,,17,december,103,9190.8,70380
10024732,34,blue-collar,married,secondary,yes,yes,,25,january,494,1468.8,14400
10024733,32,technician,single,secondary,yes,no,,29,february,107,1755,1800
10024734,36,admin.,married,secondary,yes,yes,,17,march,147,554.4,20520
10024735,40,blue-collar,single,secondary,yes,no,,16,april,190,1902.6,180
10024736,57,management,married,tertiary,yes,no,,24,may,339,3805.2,241380
10024737,48,blue-collar,married,primary,yes,no,,19,june,198,5470.2,720
10024738,26,blue-collar,married,secondary,yes,no,,27,july,141,211057.2,498600
10024739,30,management,single,tertiary,yes,no,,2,august,255,29739.6,1072080
10024740,41,admin.,married,secondary,yes,no,,16,september,1120,4410,9900
10024741,30,self-employed,married,secondary,yes,no,,7,october,306,26208,23580
10024742,35,management,married,tertiary,yes,no,,7,november,249,39528,349560
10024743,36,entrepreneur,married,,yes,no,,6,december,215,15301.8,53640
10024744,52,technician,married,secondary,no,no,,4,january,143,8172,52380
10024745,45,blue-collar,married,primary,yes,no,,24,february,162,13525.2,15300
10024746,35,management,single,tertiary,yes,no,,15,march,81,18086.4,143460
10024747,46,blue-collar,single,secondary,yes,no,,13,april,33,14050.8,27360
10024748,39,blue-collar,married,primary,yes,no,,12,may,204,9257.4,86580
10024749,38,management,married,tertiary,yes,no,,25,june,124,28587.6,11880
10024750,38,blue-collar,married,secondary,yes,no,,14,july,784,149209.2,825480
10024751,31,technician,single,tertiary,yes,no,,9,august,393,32680.8,323640
10024752,39,management,single,tertiary,yes,no,,1,september,87,20608.2,39600
10024753,32,blue-collar,married,secondary,yes,no,,20,october,108,29210.4,128700
10024754,32,services,married,secondary,yes,no,,2,november,207,10071,79560
10024755,26,student,single,secondary,yes,no,,27,december,278,8557.2,15300
10024756,35,technician,married,secondary,yes,no,,5,january,74,,57420
10024757,26,blue-collar,single,secondary,yes,no,,22,february,196,,-5220
10024758,33,admin.,single,secondary,no,no,,23,march,149,44292.6,54540
10024759,41,,single,primary,yes,no,,29,april,287,14167.8,431640
10024760,30,entrepreneur,married,secondary,no,no,,18,may,229,12382.2,5580
10024761,36,technician,single,secondary,yes,no,,28,june,154,99934.2,329760
10024762,46,services,married,secondary,yes,no,,25,july,357,4044.6,363420
10024763,30,blue-collar,married,primary,yes,no,,25,august,147,1792.8,540
10024764,46,services,married,secondary,no,no,,16,september,93,35276.4,71460
10024765,38,technician,married,tertiary,yes,no,,9,october,665,49352.4,208980
10024766,24,technician,single,tertiary,yes,no,,22,november,131,9930.6,139860
10024767,41,management,divorced,tertiary,yes,no,,12,december,160,,8460
10024768,28,technician,married,primary,yes,no,,13,january,74,,-10440
10024769,55,unemployed,single,tertiary,yes,no,,24,february,60,22233.6,272340
10024770,40,management,married,tertiary,no,no,,24,march,82,17184.6,21780
10024771,38,management,divorced,tertiary,yes,no,,20,april,475,41245.2,162720
10024772,40,technician,married,secondary,yes,no,,16,may,111,39783.6,125460
10024773,54,services,married,secondary,yes,,,7,june,284,128898,151380
10024774,49,housemaid,married,secondary,yes,,,25,july,140,,1317060
10024775,44,blue-collar,married,secondary,yes,,,21,august,110,,-17100
10024776,32,management,single,tertiary,yes,,,30,september,64,22514.4,135180
10024777,36,blue-collar,married,primary,yes,,,22,october,149,15696,45000
10024778,35,technician,single,secondary,yes,,,29,november,256,35998.2,65700
10024779,31,management,single,tertiary,yes,no,,24,december,156,15192,236700
10024780,34,technician,married,secondary,yes,no,,23,january,63,18028.8,11700
10024781,36,management,married,tertiary,no,no,,29,february,362,,333360
10024782,44,admin.,single,secondary,yes,no,,11,march,32,,-15120
10024783,44,blue-collar,single,secondary,yes,no,,17,april,712,3484.8,6480
10024784,51,blue-collar,married,,yes,no,,26,may,102,0,22500
10024785,36,blue-collar,married,secondary,no,no,,14,june,338,0,0
10024786,37,blue-collar,married,secondary,yes,no,,26,july,69,11066.4,18900
10024787,31,services,married,secondary,yes,no,,16,august,446,25443,77760
10024788,42,blue-collar,married,primary,yes,no,,3,september,249,,99900
10024789,55,entrepreneur,married,primary,yes,no,,24,october,176,,-4320
10024790,57,management,married,tertiary,yes,no,,13,november,1007,70057.8,406980
10024791,33,services,married,secondary,yes,yes,,14,december,266,,144720
10024792,44,blue-collar,married,secondary,yes,no,,7,january,172,,-111060
10024793,30,technician,married,secondary,yes,no,,4,february,323,,-180
10024794,37,services,married,secondary,yes,no,,9,march,175,18135,42660
10024795,32,admin.,married,secondary,yes,no,,19,april,459,52525.8,92520
10024796,33,blue-collar,married,secondary,yes,no,,7,may,211,51337.8,357840
10024797,31,technician,single,tertiary,yes,no,,3,june,237,29914.2,88380
10024798,46,technician,married,tertiary,yes,no,,28,july,50,17960.4,121500
10024799,34,blue-collar,single,secondary,yes,no,,3,august,500,12747.6,31860
10024800,51,admin.,divorced,secondary,yes,no,,24,september,186,14531.4,61200
10024801,49,technician,married,primary,yes,no,,8,october,96,0,41400
10024802,52,management,single,tertiary,no,no,,19,november,98,0,0
10024803,43,technician,married,tertiary,yes,no,,14,december,364,0,419580
10024804,35,blue-collar,divorced,secondary,yes,no,,16,january,477,0,0
10024805,27,student,single,secondary,yes,no,,9,february,319,10440,39060
10024806,43,blue-collar,married,primary,yes,no,,19,march,178,9185.4,33480
10024807,49,admin.,divorced,secondary,yes,yes,,24,april,513,8110.8,30240
10024808,50,services,divorced,secondary,yes,no,,5,may,170,7403.4,26100
10024809,33,admin.,divorced,secondary,yes,no,,25,june,139,,25200
10024810,49,services,married,secondary,yes,no,,7,july,70,,-3960
10024811,50,technician,married,secondary,yes,no,,27,august,110,18419.4,70020
10024812,42,admin.,married,secondary,yes,yes,,1,september,280,2287.8,58140
10024813,28,services,married,secondary,yes,no,,16,october,667,1909.8,1080
10024814,41,technician,married,secondary,yes,yes,,21,november,63,9288,40500
10024815,34,services,married,secondary,yes,no,,16,december,159,1384.2,25560
10024816,58,blue-collar,married,primary,no,no,,8,january,177,1531.8,900
10024817,46,blue-collar,married,primary,yes,yes,,21,february,108,,31320
10024818,46,blue-collar,married,primary,yes,no,,26,march,194,,-138240
10024819,42,blue-collar,married,secondary,no,no,,27,april,366,8854.2,5400
10024820,40,blue-collar,married,primary,yes,yes,,15,may,213,11082.6,174240
10024821,42,blue-collar,divorced,secondary,yes,yes,,16,june,141,0,8460
10024822,33,entrepreneur,married,secondary,yes,yes,,24,july,982,0,0
10024823,27,services,married,primary,yes,no,,5,august,168,,16380
10024824,43,blue-collar,married,primary,yes,no,,14,september,468,,-13860
10024825,28,blue-collar,married,,yes,no,,13,october,180,21153.6,87480
10024826,34,blue-collar,single,secondary,yes,no,,5,november,195,6784.2,61380
10024827,37,services,married,secondary,yes,no,,13,december,352,5261.4,9000
10024828,41,services,married,secondary,yes,no,,10,january,91,20536.2,36900
10024829,39,admin.,single,secondary,yes,no,,1,february,288,7986.6,137160
10024830,37,technician,single,tertiary,yes,no,,18,march,72,,5580
10024831,41,unemployed,married,primary,yes,no,,11,april,218,,-104580
10024832,36,services,single,secondary,yes,no,,25,may,289,,-8100
10024833,51,blue-collar,married,primary,no,no,,9,june,384,0,0
10024834,28,self-employed,married,tertiary,yes,yes,,13,july,130,10418.4,21600
10024835,31,blue-collar,married,secondary,yes,no,,28,august,226,,60300
10024836,33,services,married,secondary,yes,no,,2,september,208,,-41760
10024837,28,admin.,divorced,secondary,yes,no,,8,october,442,7704,141300
10024838,31,services,married,secondary,yes,no,,26,november,101,12501,5040
10024839,43,management,single,tertiary,yes,no,,11,december,756,50002.2,372060
10024840,48,blue-collar,married,primary,yes,no,,4,january,189,6690.6,80640
10024841,26,student,single,tertiary,yes,no,,17,february,108,5482.8,6660
10024842,34,technician,single,tertiary,yes,no,,27,march,205,23299.2,54180
10024843,38,blue-collar,married,primary,no,no,,11,april,238,14401.8,120240
10024844,51,admin.,divorced,secondary,yes,yes,,25,may,136,9241.2,20700
10024845,49,admin.,single,secondary,no,no,,9,june,14,17532,49500
10024846,60,retired,married,primary,no,no,,22,july,395,1830.6,74520
10024847,32,management,single,tertiary,yes,no,,13,august,161,2005.2,540
10024848,36,admin.,divorced,secondary,no,no,,26,september,269,14173.2,89280
10024849,28,management,single,tertiary,yes,no,,6,october,491,8125.2,27000
10024850,34,management,single,tertiary,no,no,,14,november,44,24120,29340
10024851,40,admin.,single,secondary,yes,no,,8,december,26,78193.8,237960
10024852,33,housemaid,married,primary,yes,no,,8,january,22,33454.8,308340
10024853,37,admin.,married,primary,yes,no,,23,february,161,,43560
10024854,40,management,married,tertiary,no,no,,1,march,406,,-5220
10024855,59,retired,divorced,tertiary,yes,no,,8,april,422,9183.6,68580
10024856,39,blue-collar,single,secondary,yes,no,,4,may,147,2156.4,14760
10024857,28,management,single,tertiary,yes,no,,6,june,219,10105.2,3780
10024858,30,services,married,secondary,yes,no,,13,july,807,55785.6,324180
10024859,40,blue-collar,married,primary,yes,yes,,21,august,347,13973.4,115200
10024860,28,blue-collar,married,primary,yes,no,,24,september,534,17830.8,20340
10024861,39,blue-collar,married,secondary,yes,no,,27,october,58,25984.8,187560
10024862,44,services,divorced,secondary,yes,no,,8,november,155,,43200
10024863,39,services,single,secondary,yes,no,,18,december,152,,-43920
10024864,30,blue-collar,married,primary,yes,yes,,27,january,461,,12600
10024865,35,blue-collar,married,secondary,yes,no,,2,february,389,,-61020
10024866,31,management,married,tertiary,yes,no,,14,march,314,13951.8,10620
10024867,47,management,married,primary,yes,no,,21,april,28,,219960
10024868,26,student,single,,yes,no,,13,may,229,,-7380
10024869,25,blue-collar,single,secondary,yes,no,,4,june,30,0,0
10024870,42,management,married,tertiary,yes,no,,9,july,103,253.8,1080
10024871,30,blue-collar,married,primary,yes,no,,11,august,32,464.4,720
10024872,28,services,married,secondary,yes,yes,,9,september,252,6759,3600
10024873,46,admin.,divorced,tertiary,yes,no,,17,october,369,27786.6,152280
10024874,43,blue-collar,divorced,secondary,yes,no,,30,november,116,9063,60840
10024875,38,technician,married,,yes,yes,,10,december,20,9932.4,16200
10024876,31,blue-collar,married,primary,yes,no,,8,january,31,1481.4,73080
10024877,29,services,single,secondary,no,no,,17,february,190,3456,360
10024878,34,services,married,secondary,no,no,,6,march,149,22789.8,397980
10024879,40,blue-collar,married,primary,yes,no,,13,april,210,6465.6,15660
10024880,30,technician,single,tertiary,yes,no,,8,may,234,9428.4,32040
10024881,44,technician,married,,yes,yes,,7,june,63,,33300
10024882,38,blue-collar,married,secondary,yes,no,,23,july,21,,-37800
10024883,43,management,divorced,tertiary,yes,no,,18,august,2087,1024.2,69840
10024884,32,blue-collar,married,secondary,yes,no,,13,september,102,1540.8,180
10024885,33,management,married,secondary,yes,no,,17,october,245,22536,158220
10024886,32,blue-collar,married,secondary,yes,no,,11,november,190,20082.6,38520
10024887,40,technician,married,,yes,no,,8,december,223,54928.8,125640
10024888,34,management,married,tertiary,yes,no,,11,january,650,55672.2,288180
10024889,30,blue-collar,married,secondary,yes,no,,11,february,42,22219.2,129060
10024890,53,blue-collar,divorced,primary,yes,no,,4,march,206,16068.6,45900
10024891,39,management,single,tertiary,yes,no,,28,april,66,24379.2,67500
10024892,46,blue-collar,married,primary,yes,no,,25,may,173,31948.2,105660
10024893,32,management,married,tertiary,yes,yes,,26,june,477,,115920
10024894,60,technician,married,,yes,no,,10,july,77,,0
10024895,40,management,single,tertiary,yes,no,,9,august,219,,-49500
10024896,47,blue-collar,married,secondary,yes,,,16,september,376,3403.8,20880
10024897,25,entrepreneur,married,tertiary,yes,yes,,14,october,453,8672.4,6660
10024898,44,blue-collar,married,primary,yes,no,,2,november,151,18147.6,135540
10024899,38,blue-collar,single,primary,yes,no,,3,december,200,20746.8,29160
10024900,45,admin.,divorced,secondary,yes,no,,18,january,298,22993.2,177120
10024901,34,blue-collar,married,secondary,yes,no,,23,february,627,11379.6,35820
10024902,36,services,divorced,secondary,yes,no,,4,march,133,20534.4,43380
10024903,30,blue-collar,single,secondary,yes,yes,,1,april,287,39835.8,116640
10024904,35,blue-collar,single,secondary,yes,yes,,12,may,242,124426.8,163260
10024905,39,unemployed,divorced,secondary,no,no,,14,june,184,46191.6,1137960
10024906,46,blue-collar,married,secondary,yes,yes,,7,july,119,5511.6,22500
10024907,36,self-employed,married,primary,yes,no,,4,august,403,3621.6,16200
10024908,22,technician,single,secondary,yes,yes,,11,september,626,,9720
10024909,26,blue-collar,single,secondary,no,no,,9,october,12,,-23760
10024910,48,admin.,divorced,secondary,no,no,,7,november,266,14434.2,48060
10024911,32,blue-collar,married,primary,yes,no,,7,december,23,21870,52020
10024912,58,self-employed,divorced,secondary,yes,no,,10,january,154,31982.4,110340
10024913,57,entrepreneur,married,,yes,no,,12,february,10,54590.4,111240
10024914,53,management,married,tertiary,yes,no,,29,march,66,54102.6,321480
10024915,29,management,divorced,tertiary,yes,yes,,14,april,240,30990.6,109260
10024916,34,services,married,secondary,yes,yes,,10,may,224,26947.8,105480
10024917,32,services,single,secondary,yes,no,,11,june,202,19216.8,82620
10024918,55,entrepreneur,married,primary,yes,no,,4,july,144,10384.2,53640
10024919,50,blue-collar,divorced,primary,no,no,,19,august,263,3508.2,24120
10024920,43,blue-collar,married,primary,yes,no,,28,september,543,11246.4,6120
10024921,44,services,single,secondary,yes,no,,23,october,257,39389.4,248040
10024922,27,blue-collar,married,tertiary,yes,yes,,15,november,237,5304.6,75060
10024923,35,blue-collar,married,secondary,yes,no,,5,december,23,1218.6,4500
10024924,45,services,married,secondary,yes,no,,3,january,209,4861.8,3960
10024925,35,blue-collar,single,primary,yes,no,,17,february,34,35366.4,71640
10024926,49,blue-collar,single,primary,yes,no,,22,march,72,39123,209520
10024927,34,management,married,secondary,yes,no,,11,april,442,37492.2,87660
10024928,46,admin.,married,secondary,yes,no,,29,may,45,,192420
10024929,43,blue-collar,married,primary,yes,no,,9,june,1120,,-34560
10024930,42,retired,married,primary,yes,no,,4,july,186,0,0
10024931,55,blue-collar,married,primary,yes,no,,13,august,318,10414.8,59760
10024932,37,blue-collar,married,secondary,yes,no,,17,september,617,4714.2,21780
10024933,31,blue-collar,married,primary,yes,no,,18,october,226,,12240
10024934,57,blue-collar,divorced,primary,yes,no,,27,november,275,,-31680
10024935,33,blue-collar,married,secondary,yes,,,9,december,81,,94860
10024936,43,services,single,,yes,no,,21,january,74,62935.2,34740
10024937,60,blue-collar,divorced,primary,yes,no,,10,february,285,124147.8,1368180
10024938,51,management,married,tertiary,no,no,,6,march,261,31681.8,135180
10024939,38,blue-collar,single,,yes,no,,4,april,297,29925,89100
10024940,37,technician,single,secondary,yes,no,,10,may,78,25624.8,120600
10024941,41,blue-collar,single,secondary,yes,no,,26,june,183,19197,65340
10024942,42,blue-collar,married,secondary,yes,no,,19,july,15,17217,67680
10024943,41,management,divorced,tertiary,yes,no,,6,august,352,0,52560
10024944,33,technician,married,,no,no,,15,september,345,0,0
10024945,32,admin.,single,secondary,yes,no,,20,october,230,6303.6,33120
10024946,30,services,married,secondary,yes,no,,7,november,185,19848.6,14400
10024947,43,technician,married,secondary,yes,no,,18,december,296,118472.4,328320
10024948,30,blue-collar,married,secondary,no,no,,22,january,181,19218.6,513000
10024949,37,blue-collar,divorced,secondary,yes,no,,30,february,133,3139.2,8640
10024950,34,management,married,tertiary,no,no,,23,march,335,8303.4,13680
10024951,32,unemployed,single,tertiary,yes,no,,8,april,139,0,60480
10024952,42,technician,married,secondary,no,yes,,1,may,7,0,0
10024953,35,technician,single,secondary,yes,no,,11,june,163,10972.8,77940
10024954,34,blue-collar,married,secondary,yes,yes,,30,july,956,17991,18540
10024955,50,blue-collar,married,primary,yes,no,,4,august,166,20134.8,209520
10024956,34,blue-collar,married,secondary,yes,no,,22,september,71,45228.6,23220
10024957,38,services,divorced,secondary,no,no,,23,october,191,0,1057140
10024958,28,blue-collar,married,secondary,yes,no,,11,november,459,0,0
10024959,55,blue-collar,married,primary,yes,no,,17,december,292,8953.2,14760
10024960,38,blue-collar,married,primary,yes,no,,27,january,100,13483.8,65160
10024961,31,blue-collar,married,secondary,yes,no,,23,february,257,24712.2,33480
10024962,57,admin.,married,secondary,yes,no,,7,march,255,48076.2,218880
10024963,50,management,divorced,tertiary,yes,no,,13,april,233,19740.6,126720
10024964,47,blue-collar,married,primary,yes,no,,2,may,128,21434.4,36900
10024965,39,blue-collar,married,primary,yes,no,,30,june,246,,149400
10024966,34,services,married,secondary,yes,no,,21,july,56,,-56700
10024967,41,technician,married,secondary,yes,yes,,26,august,210,,11520
10024968,59,entrepreneur,married,tertiary,no,no,,21,september,43,,-147600
10024969,35,self-employed,single,tertiary,yes,yes,,22,october,21,37108.8,96840
10024970,31,technician,single,tertiary,yes,no,,3,november,91,57418.2,170640
10024971,55,management,married,tertiary,yes,no,,8,december,67,15602.4,231840
10024972,36,blue-collar,married,,yes,no,,5,january,219,8618.4,12600
10024973,41,management,married,tertiary,yes,no,,10,february,110,19679.4,70740
10024974,44,technician,single,secondary,yes,,,5,march,169,29431.8,65700
10024975,40,blue-collar,single,secondary,yes,yes,,28,april,248,34137,158220
10024976,32,blue-collar,married,secondary,yes,no,,16,may,223,0,88380
10024977,38,management,single,tertiary,yes,no,,4,june,92,0,0
10024978,27,student,single,secondary,no,no,,14,july,93,0,0
10024979,33,unemployed,married,secondary,yes,no,,14,august,205,3688.2,41220
10024980,37,services,married,secondary,yes,yes,,25,september,160,5819.4,3960
10024981,40,management,married,tertiary,yes,no,,17,october,105,9284.4,102600
10024982,33,blue-collar,single,secondary,yes,no,,10,november,112,4224.6,10080
10024983,40,admin.,single,secondary,yes,no,,6,december,383,5812.2,21240
10024984,27,blue-collar,married,secondary,yes,no,,30,january,207,22494.6,19080
10024985,42,management,single,tertiary,yes,no,,25,february,193,31887,318240
10024986,41,blue-collar,married,secondary,yes,no,,27,march,10,14803.2,38340
10024987,37,unemployed,single,secondary,yes,no,,25,april,985,34349.4,68580
10024988,38,unemployed,married,primary,yes,yes,,13,may,249,33987.6,206460
10024989,44,blue-collar,married,secondary,yes,no,,8,june,122,7095.6,67140
10024990,31,blue-collar,married,primary,yes,no,,16,july,300,3007.8,9000
10024991,34,blue-collar,married,secondary,yes,yes,,15,august,672,0,12060
10024992,46,blue-collar,married,primary,yes,yes,,16,september,390,0,0
10024993,33,admin.,married,secondary,yes,yes,,15,october,116,9111.6,10980
10024994,36,blue-collar,married,secondary,yes,no,,7,november,481,15519.6,90720
10024995,32,unemployed,single,secondary,yes,no,,9,december,21,16705.8,31860
10024996,27,technician,single,secondary,yes,no,,19,january,192,,105120
10024997,31,services,married,primary,yes,no,,10,february,6,,-131760
10024998,41,management,single,tertiary,yes,no,,27,march,8,12735,102960
10024999,35,blue-collar,married,primary,yes,no,,7,april,369,0,18900
10025000,50,technician,single,tertiary,yes,no,,15,may,393,0,0
10025001,33,technician,married,secondary,yes,yes,,28,june,246,77038.2,149760
10025002,48,blue-collar,married,primary,yes,no,,26,july,330,37296,475560
10025003,36,technician,married,secondary,yes,no,,13,august,380,19443.6,35100
10025004,29,housemaid,single,secondary,yes,no,,26,september,91,25522.2,129240
10025005,34,management,married,tertiary,yes,yes,,7,october,84,17355.6,60480
10025006,39,blue-collar,married,primary,yes,no,,26,november,277,946.8,59760
10025007,32,management,divorced,tertiary,yes,no,,17,december,399,,180
10025008,59,retired,divorced,primary,yes,yes,,26,january,89,,-24840
10025009,50,blue-collar,married,primary,no,no,,10,february,297,5320.8,134820
10025010,37,admin.,married,secondary,yes,no,,21,march,176,2586.6,2520
10025011,33,unemployed,single,secondary,no,no,,30,april,75,16315.2,31860
10025012,52,blue-collar,married,secondary,no,no,,7,may,111,13766.4,100260
10025013,43,blue-collar,married,primary,yes,,,20,june,170,11052,22680
10025014,53,blue-collar,married,secondary,no,yes,,27,july,238,21925.8,64620
10025015,37,blue-collar,married,primary,yes,no,,26,august,137,9819,89280
10025016,50,services,single,secondary,no,no,,5,september,141,5832,12960
10025017,53,blue-collar,married,secondary,yes,no,,9,october,49,14254.2,31500
10025018,47,blue-collar,married,primary,no,no,,26,november,89,25815.6,77400
10025019,48,technician,divorced,tertiary,yes,no,,17,december,341,10341,103320
10025020,35,technician,divorced,secondary,yes,no,,3,january,461,4444.2,12420
10025021,42,self-employed,married,secondary,yes,no,,16,february,515,0,19080
10025022,43,management,divorced,tertiary,yes,no,,21,march,123,0,0
10025023,40,services,single,secondary,yes,no,,23,april,179,1614.6,4140
10025024,36,services,married,secondary,yes,no,,25,may,102,6975,7560
10025025,39,management,married,tertiary,yes,no,,6,june,272,10096.2,77220
10025026,32,blue-collar,divorced,primary,yes,no,,21,july,17,30565.8,15840
10025027,44,management,divorced,tertiary,yes,no,,21,august,40,43349.4,707760
10025028,43,technician,divorced,secondary,yes,no,,12,september,209,14954.4,31860
10025029,53,self-employed,married,secondary,yes,no,,11,october,89,28414.8,84240
10025030,41,services,married,secondary,yes,no,,27,november,1187,60535.8,115020
10025031,53,management,married,tertiary,yes,no,,2,december,123,42096.6,382320
10025032,31,unemployed,married,primary,yes,no,,18,january,104,12981.6,55620
10025033,51,blue-collar,married,primary,yes,no,,23,february,200,3303,36360
10025034,32,blue-collar,married,secondary,yes,yes,,24,march,117,,3600
10025035,52,blue-collar,married,secondary,yes,no,,5,april,37,,-3060
10025036,41,management,married,primary,yes,no,,4,may,51,,-75060
10025037,30,management,single,tertiary,yes,no,,19,june,145,23700.6,95040
10025038,32,management,single,tertiary,yes,no,,19,july,466,30177,70920
10025039,31,blue-collar,married,primary,yes,no,,17,august,303,32887.8,154080
10025040,38,blue-collar,married,secondary,yes,no,,14,september,101,13204.8,84240
10025041,44,blue-collar,married,secondary,yes,no,,10,october,283,12299.4,24840
10025042,36,blue-collar,married,secondary,yes,no,,2,november,826,15564.6,73080
10025043,34,admin.,married,tertiary,yes,no,,19,december,185,17665.2,39780
10025044,40,admin.,married,secondary,yes,yes,,23,january,598,,94140
10025045,41,blue-collar,married,primary,yes,no,,3,february,120,,-9360
10025046,56,technician,divorced,secondary,yes,no,,13,march,185,,71460
10025047,39,blue-collar,married,primary,yes,no,,12,april,159,,-77760
10025048,34,blue-collar,married,primary,yes,no,,23,may,220,29478.6,53640
10025049,41,blue-collar,single,secondary,yes,yes,,30,june,192,,194400
10025050,39,management,single,tertiary,yes,no,,28,july,423,,-15300
10025051,33,admin.,married,secondary,no,yes,,13,august,337,36502.2,722160
10025052,52,management,divorced,secondary,no,,,3,september,306,12861,22140
10025053,26,management,single,tertiary,yes,no,,10,october,99,5560.2,89640
10025054,54,unemployed,married,secondary,yes,no,,2,november,27,,4140
10025055,30,technician,married,,yes,no,,12,december,201,,-56700
10025056,35,management,married,tertiary,no,yes,,6,january,166,12960,16020
10025057,47,technician,divorced,secondary,yes,no,,26,february,182,16542,125820
10025058,53,blue-collar,divorced,secondary,yes,no,,21,march,193,,26100
10025059,29,blue-collar,single,secondary,yes,yes,,1,april,271,,-24840
10025060,36,technician,married,tertiary,yes,no,,3,may,103,32970.6,88380
10025061,35,management,married,tertiary,yes,no,,29,june,287,55195.2,147600
10025062,43,blue-collar,married,secondary,yes,no,,19,july,235,0,247680
10025063,38,blue-collar,married,primary,yes,no,,12,august,732,0,0
10025064,39,blue-collar,married,secondary,yes,no,,28,september,136,32486.4,91260
10025065,58,management,married,secondary,no,no,,20,october,126,25403.4,138780
10025066,33,services,married,secondary,yes,no,,29,november,172,10668.6,55800
10025067,60,blue-collar,married,primary,yes,no,,9,december,43,10668.6,24480
10025068,45,admin.,married,secondary,yes,no,,22,january,191,26085.6,55800
10025069,39,blue-collar,married,primary,yes,no,,1,february,117,5544,146340
10025070,35,management,married,tertiary,yes,yes,,22,march,64,,2520
10025071,41,blue-collar,married,primary,yes,no,,21,april,260,,-17460
10025072,40,services,married,primary,yes,no,,8,may,149,67174.2,59760
10025073,33,services,married,secondary,yes,no,,7,june,207,61801.2,906120
10025074,32,admin.,divorced,secondary,yes,no,,22,july,231,20905.2,50580
10025075,44,management,married,secondary,yes,no,,1,august,128,54230.4,103680
10025076,34,management,single,tertiary,yes,no,,1,september,162,49141.8,340380
10025077,29,services,single,secondary,yes,yes,,19,october,180,16608.6,85140
10025078,49,blue-collar,married,primary,yes,no,,8,november,144,,38880
10025079,31,blue-collar,married,secondary,yes,no,,16,december,260,,-2340
10025080,47,admin.,divorced,secondary,yes,no,,14,january,203,12636,29160
10025081,34,blue-collar,married,primary,yes,no,,12,february,85,16129.8,65700
10025082,32,management,single,tertiary,yes,no,,21,march,211,18689.4,47520
10025083,32,admin.,single,tertiary,yes,no,,19,april,94,17443.8,88200
10025084,56,technician,single,primary,yes,no,,14,may,122,,41400
10025085,28,technician,single,secondary,yes,yes,,18,june,175,,-1620
10025086,35,technician,single,secondary,yes,no,,29,july,292,19798.2,57060
10025087,52,self-employed,single,tertiary,yes,yes,,14,august,132,4847.4,82440
10025088,35,technician,married,secondary,yes,no,,18,september,130,5243.4,3420
10025089,32,blue-collar,married,secondary,yes,no,,1,october,208,13012.2,96480
10025090,42,management,divorced,secondary,yes,no,,27,november,105,10782,21060
10025091,51,blue-collar,single,primary,yes,no,,17,december,205,,66240
10025092,47,blue-collar,married,secondary,yes,no,,15,january,112,,-17640
10025093,34,services,married,secondary,yes,no,,26,february,117,17456.4,112860
10025094,45,admin.,married,secondary,yes,no,,2,march,218,3555,32400
10025095,31,technician,divorced,secondary,yes,no,,25,april,62,12344.4,4680
10025096,40,blue-collar,married,primary,yes,no,,19,may,97,,390780
10025097,53,entrepreneur,married,secondary,yes,no,,6,june,101,,-21240
10025098,44,technician,single,secondary,yes,no,,8,july,286,23061.6,190620
10025099,49,blue-collar,married,primary,yes,no,,17,august,241,25610.4,33480
10025100,47,services,married,secondary,yes,no,,24,september,252,102972.6,235080
10025101,31,blue-collar,married,primary,yes,no,,4,october,283,,541260
10025102,45,admin.,single,secondary,yes,no,,28,november,131,,-15840
10025103,30,blue-collar,married,primary,yes,yes,,28,december,380,3875.4,47700
10025104,40,blue-collar,divorced,primary,yes,no,,28,january,584,3610.8,3780
10025105,27,admin.,single,,yes,no,,20,february,371,12510,41400
10025106,28,admin.,married,secondary,yes,no,,15,march,448,16945.2,45360
10025107,28,admin.,single,tertiary,yes,no,,5,april,274,9840.6,75960
10025108,44,blue-collar,married,secondary,yes,no,,8,may,116,31363.2,15300
10025109,35,management,married,tertiary,yes,no,,15,june,357,0,771480
10025110,29,blue-collar,married,secondary,no,no,,23,july,215,0,0
10025111,33,blue-collar,divorced,primary,no,no,,10,august,131,10549.8,10800
10025112,32,blue-collar,married,secondary,yes,no,,19,september,61,8613,123660
10025113,35,blue-collar,single,secondary,yes,no,,13,october,617,1540.8,7200
10025114,31,technician,single,tertiary,yes,no,,19,november,483,,3960
10025115,36,technician,single,secondary,yes,yes,,1,december,847,,-59940
10025116,41,technician,married,secondary,yes,no,,1,january,319,25612.2,86940
10025117,35,blue-collar,married,secondary,yes,yes,,16,february,57,41119.2,90540
10025118,40,blue-collar,married,secondary,yes,no,,10,march,306,19832.4,224100
10025119,42,blue-collar,married,secondary,yes,no,,20,april,147,3229.2,21060
10025120,34,technician,single,tertiary,yes,yes,,10,may,244,,5940
10025121,41,technician,single,secondary,yes,no,,3,june,128,,-57600
10025122,43,blue-collar,divorced,primary,yes,no,,27,july,100,0,8820
10025123,37,management,married,tertiary,yes,no,,9,august,59,0,0
10025124,26,blue-collar,single,secondary,yes,no,,23,september,24,9637.2,18000
10025125,32,housemaid,married,primary,yes,no,,8,october,85,,61920
10025126,51,blue-collar,married,secondary,yes,no,,19,november,70,,-51480
10025127,38,blue-collar,single,secondary,yes,no,,16,december,21,7545.6,10260
10025128,51,unemployed,divorced,secondary,no,no,,23,january,167,21668.4,66600
10025129,49,services,divorced,secondary,yes,no,,5,february,659,0,84600
10025130,31,housemaid,married,secondary,yes,,,3,march,327,0,0
10025131,33,blue-collar,married,primary,yes,no,,16,april,296,1438.2,138060
10025132,30,admin.,single,,no,no,,15,may,307,0,180
10025133,33,technician,married,secondary,no,no,,1,june,120,0,0
10025134,41,unemployed,married,secondary,yes,no,,20,july,390,7878.6,21780
10025135,37,blue-collar,married,secondary,yes,no,,18,august,83,7846.2,34200
10025136,33,blue-collar,married,primary,yes,no,,20,september,250,25885.8,21600
10025137,32,services,married,secondary,yes,yes,,30,october,143,43056,372240
10025138,46,technician,married,secondary,yes,no,,7,november,772,,59760
10025139,34,management,single,tertiary,no,no,,24,december,198,,-57960
10025140,32,blue-collar,married,primary,yes,no,,8,january,21,1490.4,49320
10025141,43,blue-collar,single,secondary,yes,no,,17,february,929,219.6,540
10025142,28,blue-collar,married,secondary,yes,no,,14,march,254,2160,1080
10025143,46,technician,divorced,tertiary,yes,no,,24,april,166,10654.2,51840
10025144,52,services,divorced,primary,yes,no,,19,may,93,10618.2,26280
10025145,34,blue-collar,married,secondary,yes,no,,13,june,134,9381.6,51480
10025146,27,technician,divorced,secondary,yes,yes,,7,july,375,7648.2,20520
10025147,32,technician,single,tertiary,yes,yes,,29,august,352,7545.6,34200
10025148,37,blue-collar,single,secondary,yes,no,,12,september,217,8586,19980
10025149,29,management,married,tertiary,yes,no,,10,october,45,8469,44280
10025150,40,housemaid,divorced,secondary,no,no,,13,november,93,7383.6,19440
10025151,47,technician,married,primary,yes,no,,26,december,165,15190.2,33660
10025152,34,blue-collar,married,secondary,yes,no,,1,january,266,12713.4,82260
10025153,25,admin.,single,secondary,yes,yes,,19,february,237,25407,23580
10025154,30,management,married,tertiary,yes,no,,23,march,164,38894.4,328500
10025155,31,admin.,married,secondary,yes,no,,2,april,538,,55260
10025156,35,blue-collar,married,secondary,yes,no,,30,may,72,,-35640
10025157,32,blue-collar,divorced,secondary,yes,no,,24,june,171,38916,133020
10025158,28,blue-collar,single,secondary,yes,no,,11,july,710,39904.2,136620
10025159,27,services,single,secondary,yes,no,,9,august,131,28161,139860
10025160,37,blue-collar,married,primary,yes,no,,16,september,514,18545.4,68040
10025161,35,blue-collar,single,primary,yes,no,,16,october,127,,60660
10025162,34,blue-collar,married,primary,yes,no,,16,november,198,,-14040
10025163,31,admin.,married,secondary,yes,no,,21,december,239,11291.4,63900
10025164,36,management,divorced,tertiary,yes,no,,7,january,117,3389.4,23940
10025165,38,technician,married,secondary,yes,no,,17,february,705,2179.8,5760
10025166,25,services,married,secondary,yes,yes,,22,march,155,7869.6,9900
10025167,51,management,single,tertiary,yes,no,,23,april,18,13125.6,75060
10025168,26,blue-collar,single,secondary,yes,no,,28,may,386,18111.6,27540
10025169,40,retired,married,tertiary,no,,,5,june,138,20021.4,142920
10025170,26,services,single,secondary,yes,no,,24,july,341,13005,33660
10025171,36,services,married,secondary,yes,no,,21,august,339,35674.2,60300
10025172,59,blue-collar,married,secondary,yes,no,,11,september,232,0,253260
10025173,26,blue-collar,single,secondary,yes,yes,,9,october,208,0,-20880
10025174,49,self-employed,married,tertiary,yes,no,,10,november,124,40451.4,331560
10025175,33,blue-collar,married,primary,yes,no,,25,december,44,19499.4,59220
10025176,31,blue-collar,married,secondary,yes,no,,27,january,75,14463,77040
10025177,59,management,single,secondary,yes,no,,14,february,485,32331.6,32580
10025178,38,entrepreneur,married,secondary,yes,no,,2,march,576,38224.8,385020
10025179,37,services,single,secondary,yes,yes,,22,april,280,9531,45540
10025180,31,unemployed,single,tertiary,yes,no,,15,may,480,16790.4,23940
10025181,54,retired,married,secondary,yes,no,,20,june,86,,141300
10025182,41,blue-collar,married,primary,yes,yes,,10,july,121,,-8100
10025183,44,management,married,tertiary,yes,no,,2,august,93,,40140
10025184,28,admin.,single,secondary,yes,no,,15,september,211,135781.2,509580
10025185,22,student,single,secondary,yes,no,,15,october,238,8463.6,434160
10025186,31,blue-collar,married,primary,yes,no,,17,november,399,2503.8,1980
10025187,36,services,married,secondary,yes,no,,14,december,93,4401,37980
10025188,37,admin.,divorced,secondary,yes,no,,25,january,144,4514.4,6120
10025189,54,admin.,married,secondary,yes,no,,24,february,45,44373.6,39960
10025190,28,management,single,tertiary,yes,no,,30,march,98,,591300
10025191,42,blue-collar,married,primary,yes,no,,4,april,128,,-12060
10025192,35,technician,single,tertiary,yes,no,,1,may,106,0,120600
10025193,29,admin.,married,secondary,yes,no,,23,june,121,0,0
10025194,59,blue-collar,single,primary,yes,no,,1,july,123,,17280
10025195,46,blue-collar,married,secondary,yes,no,,24,august,92,,-540
10025196,32,self-employed,single,secondary,yes,no,,18,september,278,12130.2,22140
10025197,43,management,divorced,tertiary,yes,no,,12,october,219,22037.4,79740
10025198,41,blue-collar,married,primary,yes,no,,3,november,2462,24217.2,73080
10025199,31,admin.,married,secondary,no,no,,16,december,249,20887.2,96300
10025200,26,services,single,secondary,yes,no,,25,january,210,,54360
10025201,29,blue-collar,married,primary,yes,no,,17,february,484,,-7740
10025202,31,services,married,secondary,no,no,,3,march,187,,-62280
10025203,37,blue-collar,divorced,secondary,yes,no,,16,april,172,,-48780
10025204,35,technician,married,secondary,yes,no,,23,may,79,7462.8,9900
10025205,31,technician,single,tertiary,yes,no,,17,june,207,,67500
10025206,30,blue-collar,married,secondary,yes,no,,19,july,136,,-360
10025207,29,blue-collar,single,primary,yes,no,,1,august,117,,-122400
10025208,29,admin.,divorced,secondary,no,no,,5,september,393,0,0
10025209,39,blue-collar,single,secondary,yes,no,,30,october,107,9682.2,39060
10025210,31,blue-collar,single,secondary,yes,no,,17,november,25,7140.6,28800
10025211,27,management,single,tertiary,yes,no,,25,december,132,,21240
10025212,22,admin.,single,secondary,yes,no,,20,january,136,,-180
10025213,31,management,single,secondary,yes,no,,22,february,384,14376.6,81540
10025214,39,blue-collar,single,secondary,yes,no,,4,march,38,18950.4,30420
10025215,25,admin.,single,secondary,yes,no,,3,april,164,12873.6,141660
10025216,27,self-employed,single,secondary,yes,no,,27,may,825,21859.2,14040
10025217,28,technician,single,tertiary,yes,no,,4,june,331,36124.2,408420
10025218,31,unemployed,married,primary,yes,no,,26,july,479,9711,38340
10025219,46,technician,divorced,secondary,yes,no,,4,august,229,20336.4,29520
10025220,37,blue-collar,married,secondary,no,no,,14,september,258,3175.2,168120
10025221,27,services,single,secondary,yes,yes,,5,october,490,1954.8,720
10025222,34,unemployed,divorced,secondary,yes,no,,18,november,308,4689,63720
10025223,30,technician,single,secondary,yes,no,,29,december,137,4444.2,4140
10025224,23,student,single,secondary,yes,no,,24,january,545,,57240
10025225,33,technician,divorced,secondary,no,yes,,9,february,109,,-54900
10025226,43,admin.,married,secondary,yes,no,,5,march,168,65633.4,110880
10025227,50,blue-collar,married,primary,yes,no,,22,april,257,114292.8,466200
10025228,31,technician,married,secondary,yes,no,,22,may,213,,336240
10025229,32,blue-collar,single,secondary,no,no,,21,june,115,,-104040
10025230,32,admin.,single,secondary,yes,yes,,26,july,646,,-40860
10025231,37,technician,divorced,secondary,yes,no,,29,august,106,46485,356580
10025232,60,management,divorced,,yes,no,,3,september,95,8420.4,72720
10025233,47,blue-collar,divorced,secondary,yes,no,,23,october,205,,11700
10025234,32,blue-collar,married,secondary,yes,no,,16,november,653,,-180
10025235,34,services,married,secondary,yes,no,,10,december,122,,-12240
10025236,36,blue-collar,divorced,,yes,no,,25,january,377,0,0
10025237,28,services,single,secondary,yes,no,,12,february,322,31998.6,41220
10025238,31,services,divorced,secondary,yes,no,,7,march,208,77461.2,298080
10025239,43,housemaid,married,primary,yes,yes,,4,april,46,34632,241560
10025240,32,unemployed,single,secondary,yes,no,,10,may,211,14583.6,59580
10025241,31,services,married,secondary,yes,yes,,10,june,156,11394,42840
10025242,56,admin.,married,primary,yes,no,,27,july,178,13168.8,36360
10025243,34,management,single,tertiary,yes,no,,4,august,133,,57240
10025244,46,technician,single,secondary,yes,yes,,4,september,206,,-202320
10025245,27,admin.,single,secondary,yes,no,,13,october,544,56563.2,119160
10025246,33,blue-collar,married,secondary,yes,yes,,11,november,143,30934.8,322200
10025247,35,blue-collar,married,primary,yes,no,,18,december,471,19701,35640
10025248,29,management,single,tertiary,yes,no,,11,january,200,18939.6,130680
10025249,39,management,married,tertiary,yes,no,,13,february,324,8580.6,32940
10025250,48,blue-collar,married,secondary,yes,no,,1,march,71,,26820
10025251,58,blue-collar,married,primary,yes,no,,11,april,164,,-16380
10025252,36,blue-collar,married,secondary,yes,no,,4,may,137,,-1620
10025253,33,blue-collar,married,primary,yes,no,,28,june,91,0,24120
10025254,32,management,married,tertiary,no,no,,4,july,280,0,0
10025255,32,entrepreneur,single,tertiary,yes,no,,13,august,230,21360.6,1126620
10025256,31,admin.,married,secondary,no,yes,,14,september,63,5284.8,4860
10025257,30,blue-collar,single,primary,yes,no,,7,october,135,33849,68940
10025258,30,management,single,tertiary,yes,yes,,23,november,261,18709.2,199440
10025259,40,blue-collar,married,primary,yes,no,,24,december,215,5841,21060
10025260,35,blue-collar,married,primary,yes,no,,13,january,200,11818.8,19440
10025261,42,blue-collar,married,primary,yes,no,,20,february,391,9169.2,86220
10025262,60,technician,married,primary,yes,no,,26,march,1028,6408,11700
10025263,28,services,single,secondary,no,no,,16,april,107,,42120
10025264,29,admin.,single,secondary,yes,no,,8,may,108,,-9540
10025265,33,unemployed,married,secondary,yes,yes,,29,june,145,,-23580
10025266,23,services,single,secondary,yes,yes,,22,july,142,,-7020
10025267,34,blue-collar,married,primary,yes,no,,5,august,106,9916.2,25020
10025268,29,services,single,secondary,yes,no,,1,september,134,10638,47160
10025269,32,blue-collar,single,secondary,yes,no,,18,october,190,8964,28800
10025270,55,services,married,secondary,yes,yes,,12,november,241,,33480
10025271,39,retired,single,primary,no,no,,6,december,180,,-14220
10025272,37,admin.,single,secondary,yes,no,,26,january,237,15697.8,200340
10025273,26,blue-collar,single,secondary,yes,no,,11,february,654,8429.4,14760
10025274,35,management,divorced,tertiary,yes,no,,2,march,189,33901.2,57780
10025275,26,management,single,tertiary,yes,no,,25,april,70,89892,238680
10025276,34,technician,single,tertiary,yes,no,,27,may,62,91470.6,406260
10025277,55,blue-collar,married,primary,no,no,,5,june,1087,33570,247140
10025278,39,services,married,secondary,yes,yes,,19,july,323,23257.8,54720
10025279,27,student,married,tertiary,yes,no,,17,august,111,29557.8,118620
10025280,30,entrepreneur,single,secondary,yes,no,,15,september,197,11572.2,88380
10025281,28,management,single,,yes,no,,18,october,224,3000.6,18180
10025282,33,blue-collar,single,secondary,yes,no,,7,november,557,5092.2,5940
10025283,43,management,married,tertiary,yes,no,,7,december,150,13087.8,52380
10025284,50,services,married,tertiary,yes,no,,25,january,388,7749,39240
10025285,26,blue-collar,single,primary,yes,no,,5,february,89,4923,18360
10025286,33,blue-collar,married,secondary,yes,no,,15,march,57,4726.8,15840
10025287,47,blue-collar,married,primary,yes,no,,30,april,209,,16920
10025288,33,management,single,secondary,yes,yes,,29,may,188,,-119700
10025289,34,blue-collar,married,secondary,yes,yes,,17,june,342,,-59580
10025290,33,blue-collar,single,secondary,yes,no,,17,july,84,14974.2,99000
10025291,23,student,single,secondary,yes,no,,9,august,97,46947.6,27180
10025292,29,self-employed,single,tertiary,no,no,,11,september,530,62661.6,973080
10025293,33,blue-collar,married,secondary,yes,no,,2,october,365,42244.2,48420
10025294,41,management,married,,yes,no,,2,november,285,17278.2,442260
10025295,27,blue-collar,single,secondary,yes,no,,26,december,352,8609.4,8100
10025296,34,blue-collar,single,secondary,yes,no,,11,january,316,,109800
10025297,53,management,married,secondary,yes,no,,20,february,126,,-23940
10025298,34,management,single,secondary,yes,no,,7,march,76,1335.6,11880
10025299,40,blue-collar,married,secondary,yes,no,,5,april,1692,3074.4,1800
10025300,27,blue-collar,married,tertiary,no,no,,17,may,24,22714.2,63000
10025301,33,services,married,tertiary,yes,yes,,2,june,253,23036.4,98280
10025302,40,technician,single,secondary,yes,no,,4,july,73,2415.6,64800
10025303,21,student,single,secondary,no,no,,5,august,622,0,1080
10025304,31,blue-collar,married,secondary,yes,no,,25,september,133,0,0
10025305,51,blue-collar,married,secondary,yes,yes,,2,october,178,1839.6,3960
10025306,26,technician,single,secondary,yes,no,,27,november,404,14409,10260
10025307,26,management,married,primary,yes,no,,15,december,275,50781.6,242820
10025308,32,admin.,single,secondary,no,no,,23,january,109,50403.6,127440
10025309,31,blue-collar,married,secondary,yes,yes,,27,february,134,163600.2,239220
10025310,27,unemployed,married,primary,yes,no,,25,march,407,30765.6,1342620
10025311,58,retired,divorced,primary,yes,no,,15,april,225,,8460
10025312,39,services,married,,yes,no,,16,may,86,,-92880
10025313,30,services,married,secondary,yes,no,,3,june,20,0,0
10025314,29,technician,single,tertiary,yes,no,,8,july,247,3243.6,77940
10025315,38,technician,married,secondary,yes,no,,2,august,129,,1620
10025316,29,management,married,tertiary,yes,no,,25,september,324,,-1080
10025317,28,blue-collar,single,secondary,yes,no,,10,october,2016,,-35460
10025318,41,blue-collar,single,secondary,yes,no,,16,november,1054,12920.4,33120
10025319,43,blue-collar,married,primary,yes,no,,23,december,256,5715,60480
10025320,43,blue-collar,single,primary,yes,no,,12,january,163,5189.4,6480
10025321,37,technician,married,secondary,yes,no,,12,february,251,18387,49860
10025322,46,blue-collar,divorced,primary,yes,no,,23,march,113,,81360
10025323,53,blue-collar,married,secondary,yes,no,,30,april,193,,-24300
10025324,28,blue-collar,single,secondary,yes,yes,,29,may,125,2890.8,1260
10025325,41,admin.,married,secondary,yes,,,29,june,344,26535.6,79560
10025326,36,blue-collar,married,secondary,yes,no,,15,july,282,26685,106200
10025327,37,technician,married,tertiary,yes,no,,4,august,1170,7689.6,80460
10025328,38,blue-collar,married,secondary,yes,no,,14,september,408,12162.6,8820
10025329,32,technician,married,secondary,yes,yes,,12,october,128,34311.6,201240
10025330,33,blue-collar,divorced,primary,yes,no,,4,november,665,,70200
10025331,28,technician,single,secondary,yes,no,,18,december,67,,-22500
10025332,52,blue-collar,divorced,primary,yes,yes,,28,january,167,,-17460
10025333,30,blue-collar,single,secondary,no,no,,25,february,395,2523.6,3240
10025334,37,blue-collar,married,secondary,yes,no,,29,march,137,13653,23580
10025335,27,technician,single,secondary,yes,no,,3,april,118,40080.6,94860
10025336,31,services,married,secondary,yes,no,,6,may,231,28476,203220
10025337,47,management,divorced,tertiary,yes,no,,17,june,128,22212,47880
10025338,33,blue-collar,single,secondary,yes,no,,2,july,174,56583,123660
10025339,46,blue-collar,married,primary,yes,yes,,12,august,195,,310680
10025340,38,blue-collar,married,secondary,yes,no,,26,september,412,,-69840
10025341,33,blue-collar,single,primary,yes,no,,27,october,127,,16560
10025342,44,blue-collar,married,primary,yes,no,,30,november,13,,-1980
10025343,35,management,married,tertiary,yes,no,,24,december,61,26404.2,271800
10025344,38,blue-collar,married,secondary,yes,no,,16,january,286,13924.8,30780
10025345,56,blue-collar,married,primary,yes,no,,25,february,76,24120,75600
10025346,33,technician,single,secondary,yes,no,,18,march,53,13775.4,92340
10025347,45,services,married,primary,yes,no,,8,april,274,2786.4,24660
10025348,30,services,married,primary,yes,no,,6,may,409,,3780
10025349,34,admin.,married,secondary,yes,no,,24,june,232,,-56160
10025350,32,blue-collar,married,secondary,yes,yes,,28,july,325,,-37440
10025351,32,blue-collar,single,secondary,no,no,,30,august,144,2361.6,360
10025352,27,admin.,married,secondary,yes,no,,23,september,1713,48834,185940
10025353,48,unemployed,married,secondary,yes,no,,13,october,241,42460.2,153900
10025354,54,blue-collar,married,primary,yes,no,,29,november,103,33807.6,140580
10025355,29,technician,single,tertiary,yes,no,,25,december,338,,97560
10025356,37,blue-collar,divorced,secondary,yes,no,,16,january,182,,-31500
10025357,26,entrepreneur,married,tertiary,yes,yes,,27,february,346,799.2,14220
10025358,43,management,married,secondary,yes,no,,19,march,204,6017.4,540
10025359,31,blue-collar,married,secondary,yes,no,,18,april,296,167097.6,804780
10025360,55,technician,married,secondary,yes,no,,26,may,551,,416340
10025361,45,services,single,secondary,yes,no,,4,june,663,,-25020
10025362,35,technician,single,secondary,yes,no,,24,july,338,,54000
10025363,57,self-employed,married,tertiary,yes,yes,,19,august,153,,-596340
10025364,49,blue-collar,married,primary,yes,no,,10,september,188,9990,63360
10025365,23,services,single,secondary,yes,yes,,11,october,305,6818.4,18900
10025366,49,housemaid,divorced,primary,yes,no,,4,november,1080,,29520
10025367,35,management,single,tertiary,yes,no,,24,december,1461,,-36360
10025368,38,technician,single,tertiary,yes,no,,16,january,116,,-46080
10025369,39,entrepreneur,married,secondary,yes,no,,20,february,129,,226980
10025370,27,self-employed,single,tertiary,yes,no,,8,march,98,,-90540
10025371,37,blue-collar,married,secondary,no,no,,14,april,262,0,142200
10025372,57,management,married,secondary,yes,no,,21,may,147,0,0
10025373,38,entrepreneur,single,tertiary,yes,no,,24,june,150,8998.2,114840
10025374,26,technician,married,secondary,yes,no,,30,july,282,5542.2,8460
10025375,46,entrepreneur,married,,yes,no,,7,august,332,17505,43560
10025376,44,admin.,married,secondary,yes,no,,2,september,88,18525.6,84420
10025377,44,blue-collar,married,primary,yes,yes,,18,october,94,26337.6,48780
10025378,28,blue-collar,married,secondary,yes,no,,23,november,455,,170640
10025379,37,admin.,married,secondary,no,yes,,30,december,49,,-64080
10025380,43,technician,single,secondary,yes,no,,16,january,181,7439.4,60480
10025381,25,admin.,single,secondary,yes,no,,29,february,345,7689.6,10980
10025382,34,blue-collar,single,primary,yes,no,,17,march,154,10089,64620
10025383,39,blue-collar,married,primary,yes,no,,22,april,294,43936.2,18900
10025384,35,management,single,secondary,yes,no,,27,may,750,32934.6,1225620
10025385,32,services,married,secondary,yes,yes,,16,june,202,0,10620
10025386,31,services,married,secondary,no,yes,,16,july,81,0,0
10025387,42,blue-collar,married,primary,yes,no,,22,august,214,0,0
10025388,31,blue-collar,single,secondary,yes,no,,15,september,128,38412,38880
10025389,30,technician,single,tertiary,yes,no,,9,october,70,49312.8,455400
10025390,29,admin.,single,secondary,yes,no,,28,november,106,,64080
10025391,29,admin.,single,secondary,yes,no,,27,december,279,,-41040
10025392,36,blue-collar,married,secondary,yes,no,,25,january,400,16511.4,35640
10025393,41,services,married,secondary,yes,no,,16,february,231,17523,91800
10025394,37,blue-collar,single,secondary,yes,no,,25,march,175,1551.6,40140
10025395,32,management,single,tertiary,yes,no,,18,april,179,1909.8,720
10025396,39,entrepreneur,married,tertiary,yes,no,,14,may,107,0,60840
10025397,31,management,single,tertiary,yes,no,,10,june,94,0,0
10025398,33,blue-collar,single,secondary,yes,no,,26,july,142,15028.2,59040
10025399,30,technician,single,tertiary,yes,no,,30,august,119,14466.6,45900
10025400,24,student,single,secondary,no,no,,4,september,180,,54720
10025401,55,blue-collar,married,secondary,yes,yes,,9,october,136,,-46080
10025402,27,services,single,secondary,yes,no,,18,november,44,12445.2,122940
10025403,47,management,divorced,tertiary,yes,no,,3,december,229,11743.2,15120
10025404,29,blue-collar,married,primary,yes,no,,4,january,184,19431,109440
10025405,56,management,married,secondary,no,no,,22,february,73,2730.6,41400
10025406,31,management,single,tertiary,yes,no,,26,march,330,5342.4,2160
10025407,46,blue-collar,married,primary,yes,no,,16,april,126,13534.2,158580
10025408,47,technician,single,,yes,no,,12,may,83,10297.8,13860
10025409,29,student,single,secondary,yes,no,,1,june,25,46272.6,91800
10025410,35,admin.,divorced,tertiary,yes,no,,27,july,26,16896.6,279900
10025411,31,services,single,secondary,yes,no,,3,august,169,2809.8,12240
10025412,29,admin.,single,secondary,yes,no,,14,september,179,5322.6,7740
10025413,48,admin.,divorced,,yes,no,,2,october,280,30108.6,43920
10025414,59,blue-collar,married,secondary,no,yes,,24,november,61,38161.8,247680
10025415,44,management,married,tertiary,yes,no,,10,december,124,,70560
10025416,30,admin.,single,tertiary,yes,no,,29,january,89,,-71280
10025417,50,blue-collar,married,primary,yes,no,,27,february,210,1549.8,16020
10025418,25,admin.,married,secondary,yes,no,,24,march,393,2012.4,1800
10025419,32,blue-collar,married,secondary,yes,no,,10,april,1178,23700.6,27000
10025420,49,blue-collar,married,primary,yes,yes,,9,may,161,30780,249660
10025421,38,admin.,married,secondary,yes,no,,27,june,515,24138,45540
10025422,29,blue-collar,single,secondary,yes,no,,23,july,177,14477.4,153540
10025423,51,management,married,tertiary,yes,no,,1,august,178,9246.6,16380
10025424,29,blue-collar,single,secondary,yes,no,,16,september,185,6355.8,62640
10025425,32,admin.,divorced,secondary,yes,no,,8,october,218,,7740
10025426,43,unemployed,married,primary,yes,no,,9,november,191,,-32040
10025427,34,blue-collar,married,secondary,no,no,,1,december,245,81811.8,384660
10025428,37,blue-collar,married,primary,yes,no,,25,january,255,111733.2,208800
10025429,29,admin.,single,secondary,yes,no,,30,february,488,36824.4,717480
10025430,39,services,single,secondary,yes,no,,28,march,211,46701,22680
10025431,34,blue-collar,married,secondary,yes,yes,,27,april,226,106479,1153980
10025432,28,technician,married,secondary,yes,no,,14,may,179,64850.4,117900
10025433,37,blue-collar,married,primary,yes,no,,5,june,460,9813.6,428040
10025434,29,blue-collar,married,secondary,yes,yes,,11,july,432,1971,2700
10025435,25,admin.,single,secondary,yes,no,,3,august,176,7036.2,17280
10025436,33,blue-collar,married,primary,yes,no,,22,september,162,14200.2,34380
10025437,34,admin.,single,secondary,yes,no,,29,october,192,5720.4,70380
10025438,50,blue-collar,divorced,primary,yes,no,,4,november,237,2471.4,5580
10025439,35,blue-collar,married,secondary,no,no,,14,december,134,0,13140
10025440,53,management,divorced,tertiary,no,no,,10,january,44,0,0
10025441,41,blue-collar,single,primary,yes,no,,1,february,47,9864,28080
10025442,48,blue-collar,married,primary,yes,no,,26,march,752,,41580
10025443,32,blue-collar,single,secondary,yes,no,,21,april,116,,-14940
10025444,38,self-employed,married,secondary,no,no,,28,may,182,9073.8,24840
10025445,57,blue-collar,married,secondary,yes,no,,4,june,122,44267.4,39780
10025446,50,management,married,tertiary,yes,no,,21,july,51,192747.6,591120
10025447,40,management,married,tertiary,no,no,,6,august,260,253803.6,754200
10025448,45,management,single,tertiary,yes,no,,9,september,214,67572,1024920
10025449,34,blue-collar,single,secondary,yes,no,,21,october,407,,53460
10025450,32,blue-collar,married,primary,yes,no,,18,november,389,,-16020
10025451,28,admin.,single,secondary,yes,no,,14,december,31,10006.2,43920
10025452,30,services,married,secondary,yes,no,,27,january,115,26382.6,27360
10025453,41,management,single,tertiary,yes,no,,23,february,878,57180.6,305280
10025454,36,blue-collar,married,,no,no,,29,march,277,24642,128520
10025455,49,services,divorced,secondary,yes,no,,26,april,117,16290,56700
10025456,32,self-employed,married,tertiary,yes,no,,26,may,262,27732.6,56160
10025457,53,management,married,tertiary,yes,no,,15,june,244,,164340
10025458,44,unemployed,married,secondary,yes,no,,10,july,119,,-73260
10025459,34,entrepreneur,divorced,tertiary,yes,no,,5,august,162,,60840
10025460,56,admin.,divorced,secondary,yes,yes,,15,september,185,,-78300
10025461,27,technician,single,secondary,yes,no,,15,october,317,15784.2,138420
10025462,32,blue-collar,married,secondary,yes,yes,,11,november,214,0,21600
10025463,43,blue-collar,single,primary,no,no,,23,december,71,0,0
10025464,34,admin.,divorced,primary,yes,no,,18,january,43,95229,1722420
10025465,35,self-employed,married,secondary,yes,no,,4,february,298,1377,63180
10025466,28,admin.,married,secondary,yes,no,,22,march,167,1105.2,360
10025467,52,management,married,primary,yes,no,,27,april,86,7614,40680
10025468,36,blue-collar,married,primary,yes,no,,1,may,255,5616,17100
10025469,35,management,single,tertiary,yes,no,,3,june,83,2232,22140
10025470,30,admin.,married,secondary,yes,no,,5,july,257,3897,2700
10025471,23,management,single,,yes,no,,17,august,194,34711.2,67500
10025472,37,entrepreneur,divorced,secondary,yes,no,,17,september,268,39556.8,214200
10025473,29,services,single,secondary,yes,yes,,19,october,176,12717,87660
10025474,28,self-employed,single,secondary,yes,no,,22,november,97,27468,22140
10025475,56,services,divorced,tertiary,yes,no,,13,december,263,28564.2,408960
10025476,27,admin.,married,secondary,yes,yes,,1,january,338,12670.2,23940
10025477,33,blue-collar,single,primary,yes,no,,9,february,180,,80460
10025478,53,blue-collar,married,primary,yes,no,,3,march,322,,-155520
10025479,47,blue-collar,married,secondary,no,no,,27,april,64,1521,1440
10025480,50,services,married,secondary,yes,no,,19,may,71,13383,19260
10025481,31,admin.,single,secondary,no,no,,13,june,166,8384.4,111600
10025482,31,blue-collar,married,secondary,yes,no,,14,july,210,,7560
10025483,37,management,married,tertiary,yes,no,,8,august,77,,-21600
10025484,37,management,single,tertiary,yes,no,,29,september,328,19850.4,88740
10025485,48,unemployed,married,primary,yes,no,,7,october,164,70664.4,53280
10025486,31,management,single,tertiary,yes,no,,20,november,154,90360,1124640
10025487,34,technician,married,secondary,no,no,,20,december,84,3960,87120
10025488,32,blue-collar,single,primary,yes,no,,9,january,153,2233.8,2160
10025489,54,management,married,tertiary,no,no,,20,february,155,15874.2,27720
10025490,31,management,single,tertiary,yes,no,,30,march,111,30270.6,109080
10025491,55,services,married,secondary,yes,no,,29,april,91,29201.4,100800
10025492,27,blue-collar,married,secondary,yes,no,,17,may,257,34264.8,101520
10025493,36,blue-collar,married,secondary,yes,no,,30,june,213,0,138780
10025494,33,technician,married,secondary,yes,yes,,30,july,173,0,0
10025495,43,blue-collar,married,primary,yes,no,,24,august,315,26089.2,136260
10025496,42,blue-collar,married,secondary,yes,no,,24,september,190,19386,59940
10025497,48,blue-collar,married,primary,yes,no,,23,october,102,,75240
10025498,41,admin.,single,secondary,no,yes,,23,november,35,,-46080
10025499,36,technician,married,secondary,yes,no,,5,december,83,10647,88920
10025500,32,services,single,secondary,yes,no,,28,january,834,5398.2,15300
10025501,58,management,single,,yes,no,,16,february,244,4863.6,22860
10025502,40,services,married,secondary,yes,no,,23,march,143,11525.4,12420
10025503,31,management,married,tertiary,yes,no,,29,april,1534,,128340
10025504,42,blue-collar,married,primary,yes,no,,18,may,291,,-1800
10025505,34,blue-collar,divorced,secondary,yes,no,,23,june,163,,-52920
10025506,34,technician,married,secondary,yes,no,,24,july,149,7180.2,39960
10025507,35,technician,married,,yes,no,,3,august,33,0,15480
10025508,57,management,divorced,secondary,yes,yes,,5,september,144,0,0
10025509,28,blue-collar,married,primary,no,no,,7,october,40,2689.2,4680
10025510,50,technician,married,secondary,yes,no,,11,november,79,,18540
10025511,46,self-employed,married,tertiary,yes,no,,15,december,112,,-14400
10025512,28,blue-collar,married,secondary,yes,no,,5,january,147,6123.6,23580
10025513,57,,married,,no,no,,10,february,836,2071.8,19080
10025514,49,admin.,married,secondary,no,no,,24,march,290,13563,2700
10025515,56,management,single,tertiary,no,no,,17,april,148,45927,817560
10025516,56,blue-collar,married,secondary,yes,no,,2,may,289,0,30960
10025517,49,management,divorced,tertiary,yes,no,,17,june,345,0,0
10025518,50,management,married,tertiary,yes,no,,2,july,1002,2082.6,19260
10025519,47,admin.,single,secondary,no,no,,21,august,181,2023.2,2700
10025520,45,blue-collar,married,primary,yes,no,,29,september,460,9104.4,18180
10025521,44,unemployed,married,secondary,yes,no,,17,october,129,80096.4,54720
10025522,51,blue-collar,married,tertiary,yes,no,,5,november,76,0,1406880
10025523,34,blue-collar,married,secondary,yes,no,,7,december,111,0,0
10025524,25,management,married,tertiary,yes,yes,,19,january,104,73915.2,141120
10025525,30,blue-collar,married,primary,no,no,,11,february,221,59439.6,464580
10025526,39,unemployed,divorced,secondary,yes,no,,2,march,150,21349.8,91260
10025527,25,student,married,tertiary,yes,no,,3,april,399,,59940
10025528,34,admin.,divorced,secondary,yes,yes,,3,may,115,,-39600
10025529,25,blue-collar,single,secondary,yes,no,,8,june,149,,44820
10025530,33,blue-collar,married,secondary,yes,no,,2,july,92,,-46260
10025531,44,services,divorced,secondary,no,yes,,11,august,111,103030.2,37800
10025532,55,retired,married,secondary,yes,no,,25,september,128,46076.4,3369960
10025533,54,admin.,married,secondary,yes,no,,22,october,192,4879.8,7560
10025534,43,unemployed,married,secondary,yes,no,,23,november,88,13575.6,37800
10025535,35,blue-collar,married,secondary,no,no,,4,december,592,10389.6,58500
10025536,27,services,single,secondary,yes,no,,18,january,105,,22140
10025537,42,blue-collar,married,primary,yes,no,,4,february,62,,-4500
10025538,40,technician,married,secondary,yes,no,,8,march,29,0,11880
10025539,31,blue-collar,married,primary,yes,yes,,9,april,59,0,0
10025540,29,technician,married,tertiary,yes,no,,5,may,247,72691.2,73620
10025541,49,technician,married,secondary,no,no,,10,june,160,39538.8,861300
10025542,59,retired,divorced,primary,yes,no,,13,july,144,0,21780
10025543,37,management,married,tertiary,yes,no,,3,august,346,0,0
10025544,60,blue-collar,married,,yes,no,,29,september,57,26605.8,41580
10025545,25,technician,single,secondary,yes,no,,17,october,396,,204300
10025546,28,admin.,married,secondary,yes,no,,10,november,286,,-36180
10025547,40,services,single,secondary,yes,no,,22,december,400,,-50040
10025548,43,technician,single,tertiary,yes,no,,27,january,282,,2880
10025549,51,blue-collar,married,primary,yes,no,,2,february,38,,-50940
10025550,28,admin.,single,secondary,yes,no,,1,march,252,,-18540
10025551,54,management,married,primary,no,no,,30,april,76,7693.2,20340
10025552,37,blue-collar,married,secondary,yes,no,,7,may,566,11374.2,34920
10025553,35,self-employed,married,tertiary,yes,no,,7,june,167,,44460
10025554,26,management,divorced,tertiary,no,yes,,9,july,127,,-72360
10025555,55,services,single,secondary,yes,no,,17,august,178,,-7200
10025556,57,unemployed,married,secondary,yes,no,,24,september,71,19387.8,696060
10025557,39,blue-collar,divorced,secondary,yes,no,,21,october,109,14513.4,6480
10025558,36,services,married,tertiary,yes,yes,,23,november,120,37706.4,390060
10025559,35,management,single,tertiary,yes,no,,23,december,102,1144.8,43740
10025560,33,blue-collar,married,primary,yes,yes,,23,january,409,1994.4,360
10025561,40,services,single,secondary,yes,no,,28,february,117,23855.4,132660
10025562,31,technician,married,secondary,no,no,,22,march,177,15496.2,51480
10025563,32,management,single,tertiary,no,no,,25,april,757,21313.8,55980
10025564,27,management,single,tertiary,yes,no,,2,may,145,65788.2,97380
10025565,31,services,single,secondary,yes,no,,16,june,124,,533340
10025566,28,blue-collar,single,secondary,yes,no,,26,july,36,,-156780
10025567,33,blue-collar,divorced,secondary,yes,yes,,27,august,94,22932,13500
10025568,31,blue-collar,single,secondary,yes,no,,29,september,189,,467460
10025569,25,services,married,secondary,yes,no,,19,october,24,,-81720
10025570,29,technician,married,secondary,no,no,,15,november,33,0,0
10025571,47,blue-collar,married,primary,yes,no,,24,december,185,13437,54720
10025572,59,blue-collar,divorced,primary,yes,no,,21,january,165,18253.8,39600
10025573,35,management,single,tertiary,yes,no,,8,february,405,17877.6,100980
10025574,33,blue-collar,married,primary,yes,no,,26,march,172,50682.6,37980
10025575,31,management,single,tertiary,yes,no,,30,april,207,48848.4,811620
10025576,42,management,single,tertiary,yes,no,,8,may,325,8100,35280
10025577,26,technician,single,secondary,yes,no,,28,june,57,11295,22320
10025578,34,blue-collar,single,secondary,yes,no,,16,july,102,13757.4,68580
10025579,31,admin.,married,secondary,yes,no,,19,august,378,,33120
10025580,30,blue-collar,single,,yes,yes,,22,september,164,,-26820
10025581,54,admin.,married,,yes,no,,23,october,288,,-60660
10025582,52,blue-collar,single,primary,yes,no,,6,november,154,20442.6,37800
10025583,40,blue-collar,divorced,primary,yes,yes,,30,december,102,12216.6,132660
10025584,56,blue-collar,divorced,secondary,yes,no,,30,january,136,11392.2,13500
10025585,25,student,single,tertiary,yes,no,,11,february,53,11619,115380
10025586,60,retired,married,secondary,yes,no,,22,march,113,18113.4,14040
10025587,43,blue-collar,married,primary,yes,no,,4,april,110,30900.6,280440
10025588,32,entrepreneur,married,,yes,no,,10,may,523,19207.8,40860
10025589,48,blue-collar,divorced,secondary,yes,no,,15,june,231,36014.4,108360
10025590,43,self-employed,single,secondary,yes,no,,25,july,217,47496.6,143640
10025591,37,technician,married,secondary,yes,yes,,28,august,151,17713.8,188460
10025592,52,services,divorced,primary,yes,no,,19,september,179,,19980
10025593,25,services,single,secondary,yes,no,,25,october,293,,-79020
10025594,31,entrepreneur,single,tertiary,yes,no,,15,november,281,6013.8,6660
10025595,35,blue-collar,married,secondary,yes,no,,6,december,363,988.2,65160
10025596,27,admin.,single,secondary,yes,no,,24,january,86,905.4,180
10025597,41,self-employed,married,secondary,yes,no,,5,february,1147,,54720
10025598,34,technician,single,secondary,yes,no,,28,march,209,,-16020
10025599,55,technician,married,secondary,yes,no,,20,april,486,14650.2,49680
10025600,26,blue-collar,married,secondary,yes,no,,20,may,49,22482,51840
10025601,36,blue-collar,married,primary,yes,no,,13,june,170,17323.2,117000
10025602,45,admin.,married,secondary,yes,no,,22,july,539,,30780
10025603,27,technician,married,secondary,yes,no,,21,august,66,,-54360
10025604,31,admin.,married,secondary,no,no,,14,september,51,28472.4,60660
10025605,29,admin.,divorced,secondary,no,no,,20,october,820,21880.8,160380
10025606,26,blue-collar,single,secondary,yes,yes,,3,november,125,23144.4,35820
10025607,46,services,married,secondary,yes,no,,13,december,398,17051.4,179460
10025608,32,entrepreneur,married,tertiary,yes,yes,,27,january,112,3414.6,19440
10025609,25,admin.,single,tertiary,no,no,,10,february,64,4739.4,7200
10025610,54,retired,married,primary,no,no,,23,march,255,62204.4,37440
10025611,31,technician,married,secondary,yes,no,,6,april,34,85721.4,1240200
10025612,33,admin.,single,secondary,yes,no,,26,may,95,,71100
10025613,28,technician,single,tertiary,yes,no,,4,june,140,,-38520
10025614,39,admin.,single,secondary,yes,no,,8,july,788,15654.6,89280
10025615,37,technician,married,secondary,yes,no,,1,august,194,9916.2,32940
10025616,36,blue-collar,married,primary,yes,no,,30,september,165,9806.4,35820
10025617,56,admin.,divorced,primary,yes,no,,11,october,306,14482.8,32220
10025618,59,retired,married,secondary,yes,no,,9,november,63,11957.4,78120
10025619,30,services,single,secondary,yes,no,,15,december,501,11055.6,21960
10025620,59,technician,married,secondary,yes,no,,29,january,832,60672.6,66780
10025621,27,blue-collar,single,secondary,no,no,,5,february,101,10447.2,661500
10025622,29,entrepreneur,single,tertiary,yes,no,,29,march,214,2401.2,1980
10025623,48,services,married,secondary,yes,yes,,12,april,290,3470.4,34920
10025624,44,blue-collar,married,secondary,yes,no,,15,may,388,7923.6,4140
10025625,33,management,single,tertiary,yes,no,,2,june,1495,34891.2,181980
10025626,39,blue-collar,single,primary,yes,no,,26,july,183,,80280
10025627,46,blue-collar,married,primary,yes,no,,28,august,322,,-5220
10025628,28,admin.,married,secondary,yes,yes,,24,september,646,27702,172260
10025629,31,blue-collar,married,secondary,yes,no,,22,october,480,26685,53460
10025630,40,services,single,secondary,yes,no,,5,november,169,16605,159840
10025631,37,blue-collar,single,secondary,yes,no,,30,december,74,7414.2,20700
10025632,29,blue-collar,married,secondary,yes,no,,1,january,146,,31860
10025633,29,blue-collar,married,secondary,yes,no,,22,february,393,,-5040
10025634,24,blue-collar,married,secondary,yes,no,,13,march,744,3583.8,171180
10025635,32,admin.,single,secondary,yes,no,,1,april,593,2813.4,900
10025636,26,admin.,single,secondary,yes,yes,,13,may,215,,105480
10025637,47,entrepreneur,married,,yes,no,,29,june,379,,-260100
10025638,26,blue-collar,single,secondary,yes,no,,23,july,315,,-4140
10025639,28,blue-collar,single,secondary,yes,no,,26,august,162,,-51120
10025640,58,blue-collar,married,secondary,yes,no,,25,september,493,27716.4,209880
10025641,35,management,single,tertiary,yes,no,,18,october,225,,43920
10025642,29,services,single,secondary,yes,no,,26,november,208,,-12960
10025643,56,blue-collar,married,primary,yes,no,,27,december,80,0,251820
10025644,43,blue-collar,married,primary,yes,no,,16,january,3,0,0
10025645,45,blue-collar,married,secondary,yes,no,,1,february,29,12299.4,77580
10025646,31,admin.,single,secondary,yes,yes,,14,march,132,8101.8,23400
10025647,34,blue-collar,married,secondary,yes,no,,30,april,379,8467.2,33660
10025648,32,management,married,primary,yes,no,,5,may,101,2316.6,25560
10025649,33,technician,single,secondary,yes,no,,4,june,188,,2520
10025650,28,technician,single,secondary,yes,no,,15,july,386,,-39420
10025651,43,admin.,single,secondary,yes,no,,12,august,457,61101,49500
10025652,49,services,single,secondary,yes,no,,29,september,891,40024.8,905040
10025653,27,services,single,secondary,yes,yes,,28,october,53,9612,21240
10025654,30,services,single,secondary,yes,no,,26,november,446,28863,52200
10025655,32,blue-collar,married,primary,yes,no,,13,december,326,50961.6,191520
10025656,37,services,divorced,secondary,yes,no,,23,january,507,39151.8,162720
10025657,31,technician,single,secondary,yes,no,,26,february,1083,4694.4,113040
10025658,56,retired,married,primary,yes,no,,30,march,123,3974.4,2340
10025659,26,technician,married,tertiary,yes,yes,,1,april,1266,,81000
10025660,43,blue-collar,married,secondary,yes,no,,2,may,160,,-11340
10025661,48,technician,divorced,secondary,yes,no,,10,june,139,20883.6,29520
10025662,31,blue-collar,single,primary,yes,no,,27,july,178,40474.8,177300
10025663,36,services,single,secondary,yes,yes,,27,august,156,19854,110880
10025664,24,blue-collar,married,secondary,yes,no,,16,september,200,15593.4,42660
10025665,29,unemployed,married,secondary,no,yes,,12,october,154,17249.4,68400
10025666,23,admin.,single,secondary,yes,no,,18,november,163,9023.4,52200
10025667,54,entrepreneur,divorced,secondary,yes,no,,7,december,391,5731.2,18720
10025668,24,blue-collar,single,secondary,yes,yes,,25,january,470,9336.6,21060
10025669,25,technician,single,secondary,yes,no,,19,february,268,,49680
10025670,36,technician,single,secondary,yes,no,,16,march,793,,-85500
10025671,40,management,single,,yes,no,,25,april,619,29399.4,150840
10025672,29,admin.,single,secondary,yes,no,,15,may,460,25369.2,68760
10025673,29,admin.,married,primary,yes,no,,24,june,246,25830,112320
10025674,48,blue-collar,single,primary,yes,no,,30,july,194,2313,71280
10025675,23,admin.,single,secondary,no,no,,23,august,413,493.2,900
10025676,37,admin.,single,secondary,no,no,,30,september,574,,3240
10025677,31,blue-collar,married,primary,yes,yes,,3,october,256,,-83520
10025678,29,services,divorced,secondary,yes,no,,16,november,88,43122.6,59400
10025679,56,admin.,married,secondary,yes,no,,12,december,146,,375660
10025680,28,services,single,secondary,yes,no,,7,january,170,,-46800
10025681,44,blue-collar,married,secondary,yes,no,,23,february,596,20876.4,42480
10025682,48,blue-collar,married,secondary,yes,yes,,25,march,139,29082.6,123120
10025683,30,blue-collar,married,secondary,yes,no,,15,april,177,20016,82440
10025684,32,unemployed,married,primary,yes,no,,5,may,577,30335.4,58320
10025685,41,blue-collar,married,primary,yes,yes,,5,june,335,10251,189360
10025686,30,management,divorced,secondary,no,no,,29,july,262,6733.8,6660
10025687,37,blue-collar,married,secondary,yes,no,,23,august,115,26503.2,81720
10025688,30,blue-collar,single,secondary,yes,no,,19,september,116,7252.2,103140
10025689,28,technician,single,secondary,yes,no,,4,october,136,5594.4,6120
10025690,33,technician,single,secondary,no,yes,,29,november,289,5342.4,61380
10025691,41,blue-collar,married,,no,no,,3,december,529,,5580
10025692,42,management,married,secondary,yes,no,,21,january,247,,-34020
10025693,50,admin.,single,secondary,yes,no,,30,february,72,16918.2,76320
10025694,23,student,single,tertiary,yes,no,,12,march,166,46220.4,45000
10025695,38,services,married,secondary,yes,no,,9,april,152,57508.2,569700
10025696,31,blue-collar,divorced,secondary,yes,no,,8,may,220,29889,69660
10025697,35,admin.,single,secondary,yes,no,,28,june,241,46683,153900
10025698,52,admin.,divorced,secondary,yes,no,,16,july,198,18480.6,169920
10025699,36,blue-collar,married,secondary,no,no,,27,august,98,32083.2,24120
10025700,28,blue-collar,single,secondary,yes,no,,19,september,182,136342.8,512100
10025701,27,management,single,tertiary,yes,no,,28,october,391,100148.4,435600
10025702,24,student,single,tertiary,yes,no,,29,november,126,0,276300
10025703,45,management,single,tertiary,no,no,,14,december,55,0,0
10025704,39,technician,married,secondary,yes,no,,15,january,495,,90720
10025705,38,blue-collar,single,secondary,yes,no,,26,february,86,,-59220
10025706,24,blue-collar,married,secondary,yes,no,,21,march,166,11685.6,16920
10025707,35,management,divorced,tertiary,yes,no,,24,april,66,,96840
10025708,32,admin.,divorced,secondary,yes,no,,3,may,155,,-3240
10025709,48,housemaid,divorced,primary,yes,no,,3,june,311,3524.4,4680
10025710,36,entrepreneur,married,primary,yes,no,,23,july,63,17393.4,31860
10025711,46,blue-collar,married,primary,yes,no,,21,august,236,18718.2,113940
10025712,28,technician,single,secondary,yes,no,,13,september,92,24831,36900
10025713,50,admin.,married,secondary,yes,yes,,17,october,298,15316.2,200520
10025714,44,blue-collar,married,secondary,yes,no,,13,november,253,12668.4,14040
10025715,38,management,married,tertiary,yes,no,,21,december,163,61894.8,137160
10025716,33,self-employed,married,primary,yes,no,,19,january,65,19157.4,335160
10025717,57,management,single,tertiary,no,no,,21,february,41,22532.4,13140
10025718,40,technician,married,secondary,yes,yes,,5,march,10,57175.2,463680
10025719,42,management,married,primary,yes,no,,3,april,221,16167.6,84600
10025720,32,services,married,secondary,yes,yes,,18,may,370,0,37080
10025721,55,blue-collar,married,primary,yes,yes,,28,june,467,,0
10025722,25,blue-collar,married,secondary,yes,no,,23,july,241,,-13680
10025723,42,management,divorced,tertiary,yes,no,,19,august,248,72225,315000
10025724,23,admin.,single,secondary,yes,no,,7,september,120,29197.8,198720
10025725,31,blue-collar,married,secondary,yes,yes,,4,october,260,10285.2,51480
10025726,21,student,single,,yes,no,,25,november,198,9558,24660
10025727,34,admin.,married,secondary,yes,yes,,3,december,1727,,44460
10025728,46,entrepreneur,married,tertiary,no,no,,11,january,138,,-7740
10025729,55,blue-collar,married,primary,yes,no,,13,february,115,16817.4,55620
10025730,33,entrepreneur,single,secondary,yes,no,,1,march,212,14126.4,61020
10025731,47,self-employed,divorced,secondary,yes,no,,20,april,58,49293,39240
10025732,33,management,single,tertiary,yes,no,,2,may,456,98301.6,743040
10025733,40,management,single,tertiary,yes,yes,,16,june,145,56111.4,156060
10025734,32,management,single,tertiary,yes,no,,8,july,289,12052.8,242100
10025735,48,technician,divorced,secondary,no,no,,16,august,300,12582,7200
10025736,32,admin.,single,secondary,yes,no,,8,september,264,19494,263880
10025737,26,blue-collar,single,secondary,yes,no,,19,october,181,9277.2,17280
10025738,38,blue-collar,married,secondary,yes,no,,16,november,184,36349.2,59760
10025739,46,services,married,secondary,yes,no,,15,december,148,55823.4,265320
10025740,49,blue-collar,married,secondary,yes,no,,8,january,166,22478.4,140940
10025741,33,management,single,tertiary,no,no,,8,february,65,4174.2,43020
10025742,45,blue-collar,married,secondary,yes,no,,2,march,299,,4860
10025743,32,management,married,tertiary,yes,no,,23,april,93,,-4320
10025744,39,blue-collar,married,secondary,yes,no,,23,may,22,19913.4,4140
10025745,53,blue-collar,married,primary,yes,no,,24,june,170,,1149480
10025746,28,unemployed,single,secondary,yes,no,,30,july,89,,-63540
10025747,31,admin.,married,secondary,yes,no,,8,august,215,,-85320
10025748,34,entrepreneur,single,tertiary,yes,no,,12,september,166,33148.8,128520
10025749,40,blue-collar,married,primary,yes,no,,28,october,109,4962.6,102600
10025750,29,blue-collar,single,secondary,no,no,,22,november,197,8060.4,2880
10025751,34,admin.,single,secondary,yes,no,,9,december,395,47302.2,270720
10025752,38,management,married,tertiary,yes,no,,2,january,1875,,99180
10025753,31,services,married,secondary,yes,no,,5,february,220,,-136620
10025754,32,technician,divorced,secondary,yes,no,,15,march,298,39245.4,197460
10025755,31,services,married,secondary,yes,no,,30,april,123,0,93600
10025756,53,blue-collar,single,,no,no,,13,may,140,0,0
10025757,38,blue-collar,single,,yes,no,,4,june,334,0,103140
10025758,57,blue-collar,married,primary,yes,no,,30,july,73,0,0
10025759,58,entrepreneur,married,tertiary,yes,no,,2,august,186,,26280
10025760,50,blue-collar,married,primary,yes,no,,27,september,78,,-6660
10025761,36,blue-collar,single,secondary,yes,no,,16,october,13,0,16200
10025762,46,blue-collar,married,primary,yes,no,,29,november,51,0,0
10025763,39,admin.,single,secondary,yes,no,,16,december,303,18127.8,223560
10025764,31,admin.,single,secondary,yes,yes,,11,january,159,8834.4,17640
10025765,44,management,single,tertiary,yes,no,,13,february,103,19245.6,53100
10025766,53,admin.,married,secondary,no,yes,,6,march,95,43003.8,83700
10025767,35,technician,married,tertiary,yes,no,,22,april,84,111429,265140
10025768,40,blue-collar,married,secondary,yes,no,,3,may,344,51692.4,561960
10025769,30,technician,single,secondary,yes,no,,18,june,246,12274.2,57060
10025770,33,blue-collar,divorced,secondary,yes,no,,5,july,157,17722.8,31680
10025771,39,blue-collar,married,secondary,yes,no,,28,august,162,1335.6,118980
10025772,25,admin.,single,secondary,yes,yes,,1,september,24,,180
10025773,35,blue-collar,married,primary,yes,no,,27,october,212,,-2160
10025774,43,blue-collar,married,primary,yes,no,,23,november,195,25432.2,252180
10025775,41,entrepreneur,married,tertiary,yes,no,,11,december,143,14106.6,30780
10025776,55,blue-collar,married,primary,yes,no,,8,january,68,17560.8,77580
10025777,49,technician,divorced,secondary,yes,no,,4,february,274,12744,47700
10025778,30,self-employed,married,tertiary,yes,yes,,9,march,227,14349.6,40860
10025779,37,blue-collar,single,secondary,yes,no,,22,april,152,6098.4,60480
10025780,46,unemployed,divorced,secondary,yes,no,,8,may,249,13116.6,7380
